Time,Z
0,1
1620,0.852195424
2700,0.782457664
3780,0.665620094
4860,0.615046018
5940,0.536489796
7020,0.455424275
8100,0.463556851
9180,0.393320965
10260,0.346938776
